<?xml version="1.0" encoding="UTF-8"?>
<project-private xmlns="http://www.netbeans.org/ns/project-private/1">
    <editor-bookmarks xmlns="http://www.netbeans.org/ns/editor-bookmarks/2" lastBookmarkId="0"/>
    <open-files xmlns="http://www.netbeans.org/ns/projectui-open-files/2">
        <group>
            <file>file:/D:/GitHub/PRJ301_Assignment/PRJ301_Assignment_BL5SP23/web/view/lecture/attendancereport.jsp</file>
            <file>file:/D:/GitHub/PRJ301_Assignment/PRJ301_Assignment_BL5SP23/src/java/controller/auth/lecture/LectureLoginController.java</file>
            <file>file:/D:/GitHub/PRJ301_Assignment/PRJ301_Assignment_BL5SP23/web/view/lecture/home.jsp</file>
            <file>file:/D:/GitHub/PRJ301_Assignment/PRJ301_Assignment_BL5SP23/web/META-INF/context.xml</file>
        </group>
    </open-files>
</project-private>
